{
  "fold_acc": [
    0.6733333333333333,
    0.8355555555555556,
    0.5466666666666666,
    0.7066666666666667,
    0.7644444444444445
  ],
  "mean": 0.7053333333333333,
  "std": 0.09659486477672907
}